_group,_leagueName,助攻,盖帽,防守篮板,投篮命中数,投篮命中率,投篮出手数,罚球命中数,罚球命中率,罚球出手数,出场次数,首发次数,赛事名称,赛事ID,赛季,赛季ID,年份,中距离命中数,中距离命中率,中距离出手数,上场时间(分钟),进攻篮板,个人犯规,年龄,身高,球衣号,球员英文名,球员ID,球员姓名,位置,sex,球队ID,球队名称,得分,篮板(总),篮下命中数,篮下命中率,篮下出手数,上场时间(秒),抢断,三分命中数,三分命中率,三分出手数,失误
CUBAL一级联赛,CUBAL一级联赛,1.45,0.1,3.25,2.65,0.6625,4,1.2,0.8571,1.4,20,6,CUBAL一级联赛,20005,2024-25,200406,2024,0.55,0.5,1.1,14.92,1.2,0.95,18,185,1,Zhao Jinghan,76061,赵婧涵,PF,2,1003320449,北京大学,6.9,4.45,1.7,0.8947,1.9,895,0.4,0.4,0.4,1,0.9
CUBAL一级联赛,CUBAL一级联赛,3.7222,0.0556,2.1667,2.6667,0.4898,5.4444,0.1111,0.4,0.2778,18,7,CUBAL一级联赛,20005,2024-25,200406,2024,0.3333,0.4286,0.7778,18.07,0.7222,1.0556,18,165,3,Qian Yuanyuan,30097,钱媛媛,PG,2,1003320449,北京大学,6.6111,2.8889,1.1667,0.7778,1.5,1084,1.2778,1.1667,0.3684,3.1667,1.1111
CUBAL一级联赛,CUBAL一级联赛,0.2,0,1.2,0.4,0.6667,0.6,0.4,0.3333,1.2,5,6,CUBAL一级联赛,20005,2022-23,200069,2022,0,0,0,6.52,0.2,0.8,18,192,4,Jia Jinwen,31999,贾晋文,C,2,1003320449,北京大学,1.2,1.4,0,0,0,391,0.2,0,0,0,0.6
CUBAL一级联赛,CUBAL一级联赛,0.5,0.0833,2.1667,2.0833,0.5556,3.75,0.5,0.5,1,12,0,CUBAL一级联赛,20005,2023-24,200267,2023,0.5833,0.3043,1.9167,12.5,1.0833,0.5833,19,192,4,Jia Jinwen,31999,贾晋文,C,2,1003320449,北京大学,4.6667,3.25,1.5,0.8182,1.8333,750,0.75,0,0,0,0.9167
CUBAL一级联赛,CUBAL一级联赛,0.8333,0.5,2.1111,2.6111,0.5529,4.7222,1,0.72,1.3889,18,11,CUBAL一级联赛,20005,2024-25,200406,2024,0.6111,0.4583,1.3333,11.93,1.5556,1.1111,20,192,4,Jia Jinwen,31999,贾晋文,C,2,1003320449,北京大学,6.2222,3.6667,2,0.6,3.3333,716,0.3333,0,0,0.0556,0.6667
CUBAL一级联赛,CUBAL一级联赛,1,0,1,1,0.5,2,0,0,2,1,0,CUBAL一级联赛,20005,2023-24,200267,2023,1,1,1,9.75,0,0,19,167,15,Cai Yuxin,92972,蔡雨昕,PG,2,1003320449,北京大学,2,1,0,0,0,585,0,0,0,1,1
CUBAL一级联赛,CUBAL一级联赛,1.7778,0,1.4444,2.5556,0.434,5.8889,0.1111,0.5,0.2222,9,0,CUBAL一级联赛,20005,2024-25,200406,2024,0.3333,0.375,0.8889,15.52,0.2222,2.2222,20,168,5,Cai Yuxin,92972,蔡雨昕,SG,2,1003320449,北京大学,6.8889,1.6667,0.5556,0.8333,0.6667,931,0.5556,1.6667,0.3846,4.3333,1.4444
CUBAL一级联赛,CUBAL一级联赛,1,0.1667,1.2778,1.6111,0.617,2.6111,0.3333,0.8571,0.3889,18,1,CUBAL一级联赛,20005,2023-24,200267,2023,0.6111,0.6111,1,9.37,0.5556,0.6667,18,193,6,An Hengyao,30230,安恒瑶,C,2,1003320449,北京大学,3.5556,1.8333,1,0.6207,1.6111,562,0.1667,0,0,0,0.5556
CUBAL一级联赛,CUBAL一级联赛,0.4615,0.1538,1.5385,1.9231,0.5814,3.3077,0.5385,0.6364,0.8462,13,1,CUBAL一级联赛,20005,2024-25,200406,2024,0.3846,0.3125,1.2308,11,1.5385,0.7692,19,190,6,An Hengyao,30230,安恒瑶,C,2,1003320449,北京大学,4.3846,3.0769,1.5385,0.7407,2.0769,660,0.0769,0,0,0,0.6154
CUBAL一级联赛,CUBAL一级联赛,4.5882,0.0588,2.6471,5.0588,0.5584,9.0588,1.8235,0.775,2.3529,17,12,CUBAL一级联赛,20005,2023-24,200267,2023,1.4706,0.463,3.1765,22.43,1.9412,1.4118,20,172,7,Luo Qiaomei,80548,罗巧梅,SG,2,1003320449,北京大学,12.3529,4.5882,3.1765,0.6923,4.5882,1346,2.9412,0.4118,0.3182,1.2941,2.3529
CUBAL一级联赛,CUBAL一级联赛,5.5,0,1.125,1.25,0.3125,4,0.25,1,0.25,8,1,CUBAL一级联赛,20005,2024-25,200406,2024,0.25,0.1667,1.5,19.62,0.375,1.5,21,173,7,Luo Qiaomei,80548,罗巧梅,PG,2,1003320449,北京大学,3.375,1.5,0.375,1,0.375,1177,1.375,0.625,0.3125,2,1
CUBAL一级联赛,CUBAL一级联赛,3.0769,0.0769,1.4615,2.4615,0.4923,5,0.3846,0.8333,0.4615,13,0,CUBAL一级联赛,20005,2023-24,200267,2023,0.6154,0.3077,2,13.77,0.3846,0.6154,21,168,8,Wang Siyao,80549,王斯瑶,PG,2,1003320449,北京大学,5.7692,1.8462,1.3846,0.6207,2.2308,826,0.3077,0.4615,0.6,0.7692,1.3077
CUBAL一级联赛,CUBAL一级联赛,3.6667,0.1667,3.5,2.6667,0.4267,6.25,1.5833,0.9048,1.75,12,1,CUBAL一级联赛,20005,2024-25,200406,2024,1.1667,0.4,2.9167,16.68,0.75,0.4167,22,170,8,Wang Siyao,80549,王斯瑶,SG,2,1003320449,北京大学,7.25,4.25,1.1667,0.56,2.0833,1001,1.0833,0.3333,0.2667,1.25,2
CUBAL一级联赛,CUBAL一级联赛,3.5,0,2,3.1667,0.4872,6.5,1,0.6667,1.5,6,7,CUBAL一级联赛,20005,2022-23,200069,2022,0.3333,0.4,0.8333,19.97,1.1667,0.8333,18,178,6,Wang Qiaorui,32001,王乔睿,SG,2,1003320449,北京大学,7.8333,3.1667,0.6667,1,0.6667,1198,1.6667,0.5,0.2143,2.3333,2.3333
CUBAL一级联赛,CUBAL一级联赛,3,0,1.4286,1.4286,0.3125,4.5714,0,0,0,7,0,CUBAL一级联赛,20005,2023-24,200267,2023,0.5714,0.3077,1.8571,13.85,0.2857,1.2857,19,178,9,Wang Qiaorui,32001,王乔睿,SG,2,1003320449,北京大学,3.2857,1.7143,0.4286,0.75,0.5714,831,0.4286,0.4286,0.2,2.1429,1.5714
CUBAL一级联赛,CUBAL一级联赛,3.5,0.1429,1.6429,1.5714,0.4583,3.4286,0.2143,0.75,0.2857,14,5,CUBAL一级联赛,20005,2024-25,200406,2024,0.4286,0.4286,1,14.8,0.2857,0.4286,20,178,9,Wang Qiaorui,32001,王乔睿,SG,2,1003320449,北京大学,3.7143,1.9286,0.7857,0.7333,1.0714,888,0.5,0.3571,0.2632,1.3571,1.9286
CUBAL一级联赛,CUBAL一级联赛,2.2941,0,1.2941,1.7059,0.2522,6.7647,0.5882,0.7692,0.7647,17,0,CUBAL一级联赛,20005,2023-24,200267,2023,0.3529,0.2069,1.7059,16.07,0.8235,0.6471,21,173,10,Wu Xianglin,80550,伍湘琳,SG,2,1003320449,北京大学,4.5294,2.1176,0.8235,0.5385,1.5294,964,1.4118,0.5294,0.15,3.5294,0.9412
CUBAL一级联赛,CUBAL一级联赛,4.4118,0,1.9412,3.0588,0.3399,9,1.9412,0.7674,2.5294,17,13,CUBAL一级联赛,20005,2024-25,200406,2024,0.8824,0.3488,2.5294,21.55,1.2941,1.2353,22,173,10,Wu Xianglin,80550,伍湘琳,PG,2,1003320449,北京大学,9.1176,3.2353,1.1176,0.5278,2.1176,1293,1.7059,1.0588,0.2432,4.3529,1.2353
CUBAL一级联赛,CUBAL一级联赛,2.7143,0.8571,6,4.4286,0.4366,10.1429,2.4286,0.7391,3.2857,7,7,CUBAL一级联赛,20005,2022-23,200069,2022,0,0,1.7143,26.3,3.7143,2.4286,20,183,11,Wang Jiahui,32005,王家绘,SF,2,1003320449,北京大学,11.7143,9.7143,1.1429,0.5333,2.1429,1578,4,0.4286,0.3,1.4286,1.8571
CUBAL一级联赛,CUBAL一级联赛,3.3333,0.7778,5,5.3333,0.4974,10.7222,1.6667,0.5172,3.2222,18,18,CUBAL一级联赛,20005,2023-24,200267,2023,1.5556,0.5185,3,23.05,2.7778,2.2222,21,183,11,Wang Jiahui,32005,王家绘,SF,2,1003320449,北京大学,13.3333,7.7778,2.7778,0.5747,4.8333,1383,3.5,1,0.3462,2.8889,1.8889
CUBAL一级联赛,CUBAL一级联赛,3.2,0.65,5.35,6.55,0.5527,11.85,1.5,0.566,2.65,20,18,CUBAL一级联赛,20005,2024-25,200406,2024,1.6,0.4638,3.45,23.27,2.4,2.25,22,183,11,Wang Jiahui,32005,王家绘,SF,2,1003320449,北京大学,15.35,7.75,4.2,0.6829,6.15,1396,2.75,0.75,0.3333,2.25,2.75
CUBAL一级联赛,CUBAL一级联赛,1,0,4,3,0.4286,7,0,0,0,1,0,CUBAL一级联赛,20005,2023-24,200267,2023,1,0.25,4,20.52,1,1,18,190,12,Feng Caiyiman,92136,冯蔡依曼,PF,2,1003320449,北京大学,6,5,2,0.6667,3,1231,0,0,0,0,0
CUBAL一级联赛,CUBAL一级联赛,1.875,0,2.25,2.25,0.5806,3.875,0.625,0.625,1,8,0,CUBAL一级联赛,20005,2024-25,200406,2024,0.625,0.7143,0.875,14.1,1.75,1.875,19,190,12,Feng Caiyiman,92136,冯蔡依曼,C,2,1003320449,北京大学,5.125,4,1.625,0.5417,3,846,0.375,0,0,0,1.375
CUBAL一级联赛,CUBAL一级联赛,2.2857,0.1429,3.2857,2.8571,0.4762,6,2.4286,0.8095,3,7,7,CUBAL一级联赛,20005,2022-23,200069,2022,0.2857,0.2,1.4286,24.17,0.4286,2.4286,20,186,13,Li Meitong,32006,李美潼,PF,2,1003320449,北京大学,8.1429,3.7143,0.8571,0.6667,1.2857,1450,2.4286,0,0,0.1429,2
CUBAL一级联赛,CUBAL一级联赛,1.7778,0.1667,3.3333,3.3889,0.5169,6.5556,2.2778,0.7069,3.2222,18,18,CUBAL一级联赛,20005,2023-24,200267,2023,0.8333,0.3333,2.5,22.13,1.3333,1.8889,21,186,13,Li Meitong,32006,李美潼,PF,2,1003320449,北京大学,9.1111,4.6667,2.5,0.6338,3.9444,1328,1.7222,0.0556,0.5,0.1111,1.3889
CUBAL一级联赛,CUBAL一级联赛,1.5,0.2,3.8,3.15,0.5431,5.8,2.45,0.7206,3.4,20,8,CUBAL一级联赛,20005,2024-25,200406,2024,1.1,0.5116,2.15,17.63,1.85,1.85,22,186,13,Li Meitong,32006,李美潼,PF,2,1003320449,北京大学,8.8,5.65,2,0.5882,3.4,1058,1.35,0.05,0.2,0.25,0.8
CUBAL一级联赛,CUBAL一级联赛,0.5714,0,2.5714,3.1429,0.4583,6.8571,2.4286,0.85,2.8571,7,7,CUBAL一级联赛,20005,2022-23,200069,2022,0.1429,0.125,1.1429,13.3,1.5714,1.1429,18,183,16,Wang Yutong,32013,王雨桐,PF,2,1003320449,北京大学,8.7143,4.1429,0.5714,0.4,1.4286,798,0.4286,0,0,0,1.1429
CUBAL一级联赛,CUBAL一级联赛,0.8333,0.2778,3.1111,4.4444,0.5128,8.6667,2.0556,0.7872,2.6111,18,11,CUBAL一级联赛,20005,2023-24,200267,2023,0.8889,0.3404,2.6111,18.57,2.1111,1.1111,19,183,16,Wang Yutong,32013,王雨桐,C,2,1003320449,北京大学,11,5.2222,3.5,0.6117,5.7222,1114,0.7778,0.0556,0.1667,0.3333,1.1667
CUBAL一级联赛,CUBAL一级联赛,1.3684,0.1579,2.2105,3.4211,0.619,5.5263,1.5789,0.6522,2.4211,19,12,CUBAL一级联赛,20005,2024-25,200406,2024,0.8947,0.4857,1.8421,16.13,1.7895,0.9474,20,183,16,Wang Yutong,32013,王雨桐,C,2,1003320449,北京大学,8.4211,4,2.5263,0.7059,3.5789,968,0.6316,0,0,0.1053,1.0526
CUBAL一级联赛,CUBAL一级联赛,0.6667,0,0,0.6667,0.4,1.6667,0,0,0,3,0,CUBAL一级联赛,20005,2023-24,200267,2023,0.3333,0.25,1.3333,5.78,0.3333,1,20,186,21,Chen Yijing,80546,陈怡静,PF,2,1003320449,北京大学,1.3333,0.3333,0.3333,1,0.3333,347,0.3333,0,0,0,0.6667
CUBAL一级联赛,CUBAL一级联赛,1.125,0.125,2.0625,2.3125,0.5211,4.4375,1,0.8,1.25,16,2,CUBAL一级联赛,20005,2024-25,200406,2024,0.875,0.4516,1.9375,15.1,1.125,1.625,21,187,21,Chen Yijing,80546,陈怡静,PF,2,1003320449,北京大学,5.875,3.1875,1.1875,0.5758,2.0625,906,0.75,0.25,0.5714,0.4375,1
CUBAL一级联赛,CUBAL一级联赛,1.2857,0.4286,1.5714,1.8571,0.325,5.7143,0,0,0.5714,7,8,CUBAL一级联赛,20005,2022-23,200069,2022,0,0,0.4286,19.03,1.4286,1.7143,19,186,31,Li Ruoying,32012,李若莹,SF,2,1003320449,北京大学,4.8571,3,0.2857,0.6667,0.4286,1142,1.1429,1.1429,0.2963,3.8571,0.7143
CUBAL一级联赛,CUBAL一级联赛,0.9333,0.2667,1.8,3.8,0.4101,9.2667,0.4667,0.5833,0.8,15,1,CUBAL一级联赛,20005,2023-24,200267,2023,0.2667,0.4444,0.6,17.82,1.2667,2,20,186,31,Li Ruoying,32012,李若莹,SF,2,1003320449,北京大学,10.2,3.0667,1.4,0.7241,1.9333,1069,1.4,2.1333,0.3168,6.7333,0.3333
CUBAL一级联赛,CUBAL一级联赛,2.5,0.55,2.15,5.05,0.457,11.05,0.8,0.9412,0.85,20,15,CUBAL一级联赛,20005,2024-25,200406,2024,0.3,0.4,0.75,24.73,0.75,2,21,186,31,Li Ruoying,32012,李若莹,SG,2,1003320449,北京大学,13.25,2.9,2.4,0.7619,3.15,1484,1.65,2.35,0.3287,7.15,1.55